Year,Series,Sector,Wealth Index Quintile,Geopolitical zone,State,Managed by,Units,GeoCode,Value
2021,Proportion of local administrative units with established and operational policies and procedures for participation of local communities in water and sanitation management,,,,,facility caretaker,Percentage (%),NG,25.8
2021,Proportion of local administrative units with established and operational policies and procedures for participation of local communities in water and sanitation management,,,North Central,,facility caretaker,Percentage (%),NGNCZ06,37.0
2021,Proportion of local administrative units with established and operational policies and procedures for participation of local communities in water and sanitation management,,,North East,,facility caretaker,Percentage (%),NGNEZ05,20.0
2021,Proportion of local administrative units with established and operational policies and procedures for participation of local communities in water and sanitation management,,,North West,,facility caretaker,Percentage (%),NGNWZ04,20.9
2021,Proportion of local administrative units with established and operational policies and procedures for participation of local communities in water and sanitation management,,,South East,,facility caretaker,Percentage (%),NGSEZ03,11.0
2021,Proportion of local administrative units with established and operational policies and procedures for participation of local communities in water and sanitation management,,,South South,,facility caretaker,Percentage (%),NGSSZ02,46.5
2021,Proportion of local administrative units with established and operational policies and procedures for participation of local communities in water and sanitation management,,,South West,,facility caretaker,Percentage (%),NGSWZ01,45.6
2020,Proportion of local administrative units with established and operational policies and procedures for participation of local communities in water and sanitation management,Urban,,,,facility caretaker,Percentage (%),NG,35.0
2021,Proportion of local administrative units with established and operational policies and procedures for participation of local communities in water and sanitation management,Peri-Urban,,,,facility caretaker,Percentage (%),NG,40.1
2021,Proportion of local administrative units with established and operational policies and procedures for participation of local communities in water and sanitation management,Urban-Urban,,,,facility caretaker,Percentage (%),NG,34.1
2021,Proportion of local administrative units with established and operational policies and procedures for participation of local communities in water and sanitation management,Rural,,,,facility caretaker,Percentage (%),NG,23.0
2021,Proportion of local administrative units with established and operational policies and procedures for participation of local communities in water and sanitation management,Itenerant,,,,facility caretaker,Percentage (%),NG,4.3
2021,Proportion of local administrative units with established and operational policies and procedures for participation of local communities in water and sanitation management,Rural-Rural,,,,facility caretaker,Percentage (%),NG,21.7
2021,Proportion of local administrative units with established and operational policies and procedures for participation of local communities in water and sanitation management,Small Town,,,,facility caretaker,Percentage (%),NG,32.8
2021,Proportion of local administrative units with established and operational policies and procedures for participation of local communities in water and sanitation management,,Poorest,,,facility caretaker,Percentage (%),NG,16.1
2021,Proportion of local administrative units with established and operational policies and procedures for participation of local communities in water and sanitation management,,Second,,,facility caretaker,Percentage (%),NG,20.3
2021,Proportion of local administrative units with established and operational policies and procedures for participation of local communities in water and sanitation management,,Middle,,,facility caretaker,Percentage (%),NG,30.0
2021,Proportion of local administrative units with established and operational policies and procedures for participation of local communities in water and sanitation management,,Fourth,,,facility caretaker,Percentage (%),NG,37.2
2021,Proportion of local administrative units with established and operational policies and procedures for participation of local communities in water and sanitation management,,Richest,,,facility caretaker,Percentage (%),NG,46.0
2021,Proportion of local administrative units with established and operational policies and procedures for participation of local communities in water and sanitation management,,,,Abia,facility caretaker,Percentage (%),NGAB01,0.0
2021,Proportion of local administrative units with established and operational policies and procedures for participation of local communities in water and sanitation management,,,,Adamawa,facility caretaker,Percentage (%),NGAD02,33.6
2021,Proportion of local administrative units with established and operational policies and procedures for participation of local communities in water and sanitation management,,,,Akwa Ibom,facility caretaker,Percentage (%),NGAK03,28.4
2021,Proportion of local administrative units with established and operational policies and procedures for participation of local communities in water and sanitation management,,,,Anambra,facility caretaker,Percentage (%),NGAN04,5.0
2021,Proportion of local administrative units with established and operational policies and procedures for participation of local communities in water and sanitation management,,,,Bauchi,facility caretaker,Percentage (%),NGBA05,18.8
2021,Proportion of local administrative units with established and operational policies and procedures for participation of local communities in water and sanitation management,,,,Bayelsa,facility caretaker,Percentage (%),NGBY06,49.3
2021,Proportion of local administrative units with established and operational policies and procedures for participation of local communities in water and sanitation management,,,,Benue,facility caretaker,Percentage (%),NGBE07,29.1
2021,Proportion of local administrative units with established and operational policies and procedures for participation of local communities in water and sanitation management,,,,Borno,facility caretaker,Percentage (%),NGBO08,16.2
2021,Proportion of local administrative units with established and operational policies and procedures for participation of local communities in water and sanitation management,,,,Cross River,facility caretaker,Percentage (%),NGXR09,48.2
2021,Proportion of local administrative units with established and operational policies and procedures for participation of local communities in water and sanitation management,,,,Delta,facility caretaker,Percentage (%),NGDE10,3.0
2021,Proportion of local administrative units with established and operational policies and procedures for participation of local communities in water and sanitation management,,,,Ebonyi,facility caretaker,Percentage (%),NGEB11,0.0
2021,Proportion of local administrative units with established and operational policies and procedures for participation of local communities in water and sanitation management,,,,Edo,facility caretaker,Percentage (%),NGED12,44.0
2021,Proportion of local administrative units with established and operational policies and procedures for participation of local communities in water and sanitation management,,,,Ekiti,facility caretaker,Percentage (%),NGEK13,19.5
2021,Proportion of local administrative units with established and operational policies and procedures for participation of local communities in water and sanitation management,,,,Enugu,facility caretaker,Percentage (%),NGEN14,24.1
2021,Proportion of local administrative units with established and operational policies and procedures for participation of local communities in water and sanitation management,,,,Gombe,facility caretaker,Percentage (%),NGGO15,10.4
2021,Proportion of local administrative units with established and operational policies and procedures for participation of local communities in water and sanitation management,,,,Imo,facility caretaker,Percentage (%),NGIM16,24.3
2021,Proportion of local administrative units with established and operational policies and procedures for participation of local communities in water and sanitation management,,,,Jigawa,facility caretaker,Percentage (%),NGJI17,19.7
2021,Proportion of local administrative units with established and operational policies and procedures for participation of local communities in water and sanitation management,,,,Kaduna,facility caretaker,Percentage (%),NGKD18,39.2
2021,Proportion of local administrative units with established and operational policies and procedures for participation of local communities in water and sanitation management,,,,Kano,facility caretaker,Percentage (%),NGKN19,14.7
2021,Proportion of local administrative units with established and operational policies and procedures for participation of local communities in water and sanitation management,,,,Katsina,facility caretaker,Percentage (%),NGKT20,11.0
2021,Proportion of local administrative units with established and operational policies and procedures for participation of local communities in water and sanitation management,,,,Kebbi,facility caretaker,Percentage (%),NGKE21,18.9
2021,Proportion of local administrative units with established and operational policies and procedures for participation of local communities in water and sanitation management,,,,Kogi,facility caretaker,Percentage (%),NGKO22,14.7
2021,Proportion of local administrative units with established and operational policies and procedures for participation of local communities in water and sanitation management,,,,Kwara,facility caretaker,Percentage (%),NGKW23,53.5
2021,Proportion of local administrative units with established and operational policies and procedures for participation of local communities in water and sanitation management,,,,Lagos,facility caretaker,Percentage (%),NGLA24,65.7
2021,Proportion of local administrative units with established and operational policies and procedures for participation of local communities in water and sanitation management,,,,Nasarawa,facility caretaker,Percentage (%),NGNA25,57.3
2021,Proportion of local administrative units with established and operational policies and procedures for participation of local communities in water and sanitation management,,,,Niger,facility caretaker,Percentage (%),NGNI26,29.1
2021,Proportion of local administrative units with established and operational policies and procedures for participation of local communities in water and sanitation management,,,,Ogun,facility caretaker,Percentage (%),NGOG27,27.3
2021,Proportion of local administrative units with established and operational policies and procedures for participation of local communities in water and sanitation management,,,,Ondo,facility caretaker,Percentage (%),NGON28,57.1
2021,Proportion of local administrative units with established and operational policies and procedures for participation of local communities in water and sanitation management,,,,Osun,facility caretaker,Percentage (%),NGOS29,47.5
2021,Proportion of local administrative units with established and operational policies and procedures for participation of local communities in water and sanitation management,,,,Oyo,facility caretaker,Percentage (%),NGOY30,34.8
2021,Proportion of local administrative units with established and operational policies and procedures for participation of local communities in water and sanitation management,,,,Plateau,facility caretaker,Percentage (%),NGPL31,9.5
2021,Proportion of local administrative units with established and operational policies and procedures for participation of local communities in water and sanitation management,,,,Rivers,facility caretaker,Percentage (%),NGRI32,70.6
2021,Proportion of local administrative units with established and operational policies and procedures for participation of local communities in water and sanitation management,,,,Sokoto,facility caretaker,Percentage (%),NGSO33,33.0
2021,Proportion of local administrative units with established and operational policies and procedures for participation of local communities in water and sanitation management,,,,Taraba,facility caretaker,Percentage (%),NGTA34,16.3
2021,Proportion of local administrative units with established and operational policies and procedures for participation of local communities in water and sanitation management,,,,Yobe,facility caretaker,Percentage (%),NGYO35,31.8
2021,Proportion of local administrative units with established and operational policies and procedures for participation of local communities in water and sanitation management,,,,Zamfara,facility caretaker,Percentage (%),NGZA36,45.5
2021,Proportion of local administrative units with established and operational policies and procedures for participation of local communities in water and sanitation management,,,,Federal Capital Territory,facility caretaker,Percentage (%),NGFC37,49.9
2021,Proportion of local administrative units with established and operational policies and procedures for participation of local communities in water and sanitation management,,,,,volunteers,Percentage (%),NG,23.5
2021,Proportion of local administrative units with established and operational policies and procedures for participation of local communities in water and sanitation management,,,North Central,,volunteers,Percentage (%),NGNCZ06,17.3
2021,Proportion of local administrative units with established and operational policies and procedures for participation of local communities in water and sanitation management,,,North East,,volunteers,Percentage (%),NGNEZ05,30.5
2021,Proportion of local administrative units with established and operational policies and procedures for participation of local communities in water and sanitation management,,,North West,,volunteers,Percentage (%),NGNWZ04,20.3
2021,Proportion of local administrative units with established and operational policies and procedures for participation of local communities in water and sanitation management,,,South East,,volunteers,Percentage (%),NGSEZ03,21.2
2021,Proportion of local administrative units with established and operational policies and procedures for participation of local communities in water and sanitation management,,,South South,,volunteers,Percentage (%),NGSSZ02,24.2
2021,Proportion of local administrative units with established and operational policies and procedures for participation of local communities in water and sanitation management,,,South West,,volunteers,Percentage (%),NGSWZ01,16.1
2020,Proportion of local administrative units with established and operational policies and procedures for participation of local communities in water and sanitation management,Urban,,,,volunteers,Percentage (%),NG,27.7
2021,Proportion of local administrative units with established and operational policies and procedures for participation of local communities in water and sanitation management,Peri-Urban,,,,volunteers,Percentage (%),NG,19.5
2021,Proportion of local administrative units with established and operational policies and procedures for participation of local communities in water and sanitation management,Urban-Urban,,,,volunteers,Percentage (%),NG,29.1
2021,Proportion of local administrative units with established and operational policies and procedures for participation of local communities in water and sanitation management,Rural,,,,volunteers,Percentage (%),NG,22.2
2021,Proportion of local administrative units with established and operational policies and procedures for participation of local communities in water and sanitation management,Itenerant,,,,volunteers,Percentage (%),NG,4.3
2021,Proportion of local administrative units with established and operational policies and procedures for participation of local communities in water and sanitation management,Rural-Rural,,,,volunteers,Percentage (%),NG,24.2
2021,Proportion of local administrative units with established and operational policies and procedures for participation of local communities in water and sanitation management,Small Town,,,,volunteers,Percentage (%),NG,17.5
2021,Proportion of local administrative units with established and operational policies and procedures for participation of local communities in water and sanitation management,,Poorest,,,volunteers,Percentage (%),NG,19.1
2021,Proportion of local administrative units with established and operational policies and procedures for participation of local communities in water and sanitation management,,Second,,,volunteers,Percentage (%),NG,29.4
2021,Proportion of local administrative units with established and operational policies and procedures for participation of local communities in water and sanitation management,,Middle,,,volunteers,Percentage (%),NG,24.4
2021,Proportion of local administrative units with established and operational policies and procedures for participation of local communities in water and sanitation management,,Fourth,,,volunteers,Percentage (%),NG,24.7
2021,Proportion of local administrative units with established and operational policies and procedures for participation of local communities in water and sanitation management,,Richest,,,volunteers,Percentage (%),NG,17.6
2021,Proportion of local administrative units with established and operational policies and procedures for participation of local communities in water and sanitation management,,,,Abia,volunteers,Percentage (%),NGAB01,70.1
2021,Proportion of local administrative units with established and operational policies and procedures for participation of local communities in water and sanitation management,,,,Adamawa,volunteers,Percentage (%),NGAD02,16.7
2021,Proportion of local administrative units with established and operational policies and procedures for participation of local communities in water and sanitation management,,,,Akwa Ibom,volunteers,Percentage (%),NGAK03,0.0
2021,Proportion of local administrative units with established and operational policies and procedures for participation of local communities in water and sanitation management,,,,Anambra,volunteers,Percentage (%),NGAN04,4.7
2021,Proportion of local administrative units with established and operational policies and procedures for participation of local communities in water and sanitation management,,,,Bauchi,volunteers,Percentage (%),NGBA05,27.8
2021,Proportion of local administrative units with established and operational policies and procedures for participation of local communities in water and sanitation management,,,,Bayelsa,volunteers,Percentage (%),NGBY06,31.4
2021,Proportion of local administrative units with established and operational policies and procedures for participation of local communities in water and sanitation management,,,,Benue,volunteers,Percentage (%),NGBE07,18.6
2021,Proportion of local administrative units with established and operational policies and procedures for participation of local communities in water and sanitation management,,,,Borno,volunteers,Percentage (%),NGBO08,38.4
2021,Proportion of local administrative units with established and operational policies and procedures for participation of local communities in water and sanitation management,,,,Cross River,volunteers,Percentage (%),NGXR09,24.6
2021,Proportion of local administrative units with established and operational policies and procedures for participation of local communities in water and sanitation management,,,,Delta,volunteers,Percentage (%),NGDE10,12.2
2021,Proportion of local administrative units with established and operational policies and procedures for participation of local communities in water and sanitation management,,,,Ebonyi,volunteers,Percentage (%),NGEB11,23.7
2021,Proportion of local administrative units with established and operational policies and procedures for participation of local communities in water and sanitation management,,,,Edo,volunteers,Percentage (%),NGED12,29.1
2021,Proportion of local administrative units with established and operational policies and procedures for participation of local communities in water and sanitation management,,,,Ekiti,volunteers,Percentage (%),NGEK13,42.4
2021,Proportion of local administrative units with established and operational policies and procedures for participation of local communities in water and sanitation management,,,,Enugu,volunteers,Percentage (%),NGEN14,24.3
2021,Proportion of local administrative units with established and operational policies and procedures for participation of local communities in water and sanitation management,,,,Gombe,volunteers,Percentage (%),NGGO15,31.3
2021,Proportion of local administrative units with established and operational policies and procedures for participation of local communities in water and sanitation management,,,,Imo,volunteers,Percentage (%),NGIM16,0.0
2021,Proportion of local administrative units with established and operational policies and procedures for participation of local communities in water and sanitation management,,,,Jigawa,volunteers,Percentage (%),NGJI17,3.6
2021,Proportion of local administrative units with established and operational policies and procedures for participation of local communities in water and sanitation management,,,,Kaduna,volunteers,Percentage (%),NGKD18,35.2
2021,Proportion of local administrative units with established and operational policies and procedures for participation of local communities in water and sanitation management,,,,Kano,volunteers,Percentage (%),NGKN19,30.0
2021,Proportion of local administrative units with established and operational policies and procedures for participation of local communities in water and sanitation management,,,,Katsina,volunteers,Percentage (%),NGKT20,37.8
2021,Proportion of local administrative units with established and operational policies and procedures for participation of local communities in water and sanitation management,,,,Kebbi,volunteers,Percentage (%),NGKE21,10.5
2021,Proportion of local administrative units with established and operational policies and procedures for participation of local communities in water and sanitation management,,,,Kogi,volunteers,Percentage (%),NGKO22,3.3
2021,Proportion of local administrative units with established and operational policies and procedures for participation of local communities in water and sanitation management,,,,Kwara,volunteers,Percentage (%),NGKW23,6.1
2021,Proportion of local administrative units with established and operational policies and procedures for participation of local communities in water and sanitation management,,,,Lagos,volunteers,Percentage (%),NGLA24,6.8
2021,Proportion of local administrative units with established and operational policies and procedures for participation of local communities in water and sanitation management,,,,Nasarawa,volunteers,Percentage (%),NGNA25,11.6
2021,Proportion of local administrative units with established and operational policies and procedures for participation of local communities in water and sanitation management,,,,Niger,volunteers,Percentage (%),NGNI26,27.4
2021,Proportion of local administrative units with established and operational policies and procedures for participation of local communities in water and sanitation management,,,,Ogun,volunteers,Percentage (%),NGOG27,0.0
2021,Proportion of local administrative units with established and operational policies and procedures for participation of local communities in water and sanitation management,,,,Ondo,volunteers,Percentage (%),NGON28,11.9
2021,Proportion of local administrative units with established and operational policies and procedures for participation of local communities in water and sanitation management,,,,Osun,volunteers,Percentage (%),NGOS29,25.3
2021,Proportion of local administrative units with established and operational policies and procedures for participation of local communities in water and sanitation management,,,,Oyo,volunteers,Percentage (%),NGOY30,17.3
2021,Proportion of local administrative units with established and operational policies and procedures for participation of local communities in water and sanitation management,,,,Plateau,volunteers,Percentage (%),NGPL31,52.3
2021,Proportion of local administrative units with established and operational policies and procedures for participation of local communities in water and sanitation management,,,,Rivers,volunteers,Percentage (%),NGRI32,27.8
2021,Proportion of local administrative units with established and operational policies and procedures for participation of local communities in water and sanitation management,,,,Sokoto,volunteers,Percentage (%),NGSO33,3.5
2021,Proportion of local administrative units with established and operational policies and procedures for participation of local communities in water and sanitation management,,,,Taraba,volunteers,Percentage (%),NGTA34,44.7
2021,Proportion of local administrative units with established and operational policies and procedures for participation of local communities in water and sanitation management,,,,Yobe,volunteers,Percentage (%),NGYO35,16.2
2021,Proportion of local administrative units with established and operational policies and procedures for participation of local communities in water and sanitation management,,,,Zamfara,volunteers,Percentage (%),NGZA36,4.6
2021,Proportion of local administrative units with established and operational policies and procedures for participation of local communities in water and sanitation management,,,,Federal Capital Territory,volunteers,Percentage (%),NGFC37,9.6
2021,Proportion of local administrative units with established and operational policies and procedures for participation of local communities in water and sanitation management,,,,,community artisans,Percentage (%),NG,33.1
2021,Proportion of local administrative units with established and operational policies and procedures for participation of local communities in water and sanitation management,,,North Central,,community artisans,Percentage (%),NGNCZ06,20.1
2021,Proportion of local administrative units with established and operational policies and procedures for participation of local communities in water and sanitation management,,,North East,,community artisans,Percentage (%),NGNEZ05,30.2
2021,Proportion of local administrative units with established and operational policies and procedures for participation of local communities in water and sanitation management,,,North West,,community artisans,Percentage (%),NGNWZ04,48.3
2021,Proportion of local administrative units with established and operational policies and procedures for participation of local communities in water and sanitation management,,,South East,,community artisans,Percentage (%),NGSEZ03,30.7
2021,Proportion of local administrative units with established and operational policies and procedures for participation of local communities in water and sanitation management,,,South South,,community artisans,Percentage (%),NGSSZ02,11.5
2021,Proportion of local administrative units with established and operational policies and procedures for participation of local communities in water and sanitation management,,,South West,,community artisans,Percentage (%),NGSWZ01,19.5
2020,Proportion of local administrative units with established and operational policies and procedures for participation of local communities in water and sanitation management,Urban,,,,community artisans,Percentage (%),NG,23.3
2021,Proportion of local administrative units with established and operational policies and procedures for participation of local communities in water and sanitation management,Peri-Urban,,,,community artisans,Percentage (%),NG,24.6
2021,Proportion of local administrative units with established and operational policies and procedures for participation of local communities in water and sanitation management,Urban-Urban,,,,community artisans,Percentage (%),NG,23.1
2021,Proportion of local administrative units with established and operational policies and procedures for participation of local communities in water and sanitation management,Rural,,,,community artisans,Percentage (%),NG,36.1
2021,Proportion of local administrative units with established and operational policies and procedures for participation of local communities in water and sanitation management,Itenerant,,,,community artisans,Percentage (%),NG,72.3
2021,Proportion of local administrative units with established and operational policies and procedures for participation of local communities in water and sanitation management,Rural-Rural,,,,community artisans,Percentage (%),NG,34.6
2021,Proportion of local administrative units with established and operational policies and procedures for participation of local communities in water and sanitation management,Small Town,,,,community artisans,Percentage (%),NG,34.4
2021,Proportion of local administrative units with established and operational policies and procedures for participation of local communities in water and sanitation management,,Poorest,,,community artisans,Percentage (%),NG,49.6
2021,Proportion of local administrative units with established and operational policies and procedures for participation of local communities in water and sanitation management,,Second,,,community artisans,Percentage (%),NG,29.4
2021,Proportion of local administrative units with established and operational policies and procedures for participation of local communities in water and sanitation management,,Middle,,,community artisans,Percentage (%),NG,27.6
2021,Proportion of local administrative units with established and operational policies and procedures for participation of local communities in water and sanitation management,,Fourth,,,community artisans,Percentage (%),NG,20.8
2021,Proportion of local administrative units with established and operational policies and procedures for participation of local communities in water and sanitation management,,Richest,,,community artisans,Percentage (%),NG,20.1
2021,Proportion of local administrative units with established and operational policies and procedures for participation of local communities in water and sanitation management,,,,Abia,community artisans,Percentage (%),NGAB01,0.0
2021,Proportion of local administrative units with established and operational policies and procedures for participation of local communities in water and sanitation management,,,,Adamawa,community artisans,Percentage (%),NGAD02,40.2
2021,Proportion of local administrative units with established and operational policies and procedures for participation of local communities in water and sanitation management,,,,Akwa Ibom,community artisans,Percentage (%),NGAK03,22.3
2021,Proportion of local administrative units with established and operational policies and procedures for participation of local communities in water and sanitation management,,,,Anambra,community artisans,Percentage (%),NGAN04,12.4
2021,Proportion of local administrative units with established and operational policies and procedures for participation of local communities in water and sanitation management,,,,Bauchi,community artisans,Percentage (%),NGBA05,40.7
2021,Proportion of local administrative units with established and operational policies and procedures for participation of local communities in water and sanitation management,,,,Bayelsa,community artisans,Percentage (%),NGBY06,19.3
2021,Proportion of local administrative units with established and operational policies and procedures for participation of local communities in water and sanitation management,,,,Benue,community artisans,Percentage (%),NGBE07,0.0
2021,Proportion of local administrative units with established and operational policies and procedures for participation of local communities in water and sanitation management,,,,Borno,community artisans,Percentage (%),NGBO08,13.0
2021,Proportion of local administrative units with established and operational policies and procedures for participation of local communities in water and sanitation management,,,,Cross River,community artisans,Percentage (%),NGXR09,0.0
2021,Proportion of local administrative units with established and operational policies and procedures for participation of local communities in water and sanitation management,,,,Delta,community artisans,Percentage (%),NGDE10,75.9
2021,Proportion of local administrative units with established and operational policies and procedures for participation of local communities in water and sanitation management,,,,Ebonyi,community artisans,Percentage (%),NGEB11,56.4
2021,Proportion of local administrative units with established and operational policies and procedures for participation of local communities in water and sanitation management,,,,Edo,community artisans,Percentage (%),NGED12,0.0
2021,Proportion of local administrative units with established and operational policies and procedures for participation of local communities in water and sanitation management,,,,Ekiti,community artisans,Percentage (%),NGEK13,4.1
2021,Proportion of local administrative units with established and operational policies and procedures for participation of local communities in water and sanitation management,,,,Enugu,community artisans,Percentage (%),NGEN14,34.2
2021,Proportion of local administrative units with established and operational policies and procedures for participation of local communities in water and sanitation management,,,,Gombe,community artisans,Percentage (%),NGGO15,40.0
2021,Proportion of local administrative units with established and operational policies and procedures for participation of local communities in water and sanitation management,,,,Imo,community artisans,Percentage (%),NGIM16,0.0
2021,Proportion of local administrative units with established and operational policies and procedures for participation of local communities in water and sanitation management,,,,Jigawa,community artisans,Percentage (%),NGJI17,73.3
2021,Proportion of local administrative units with established and operational policies and procedures for participation of local communities in water and sanitation management,,,,Kaduna,community artisans,Percentage (%),NGKD18,16.5
2021,Proportion of local administrative units with established and operational policies and procedures for participation of local communities in water and sanitation management,,,,Kano,community artisans,Percentage (%),NGKN19,37.8
2021,Proportion of local administrative units with established and operational policies and procedures for participation of local communities in water and sanitation management,,,,Katsina,community artisans,Percentage (%),NGKT20,46.2
2021,Proportion of local administrative units with established and operational policies and procedures for participation of local communities in water and sanitation management,,,,Kebbi,community artisans,Percentage (%),NGKE21,32.3
2021,Proportion of local administrative units with established and operational policies and procedures for participation of local communities in water and sanitation management,,,,Kogi,community artisans,Percentage (%),NGKO22,48.9
2021,Proportion of local administrative units with established and operational policies and procedures for participation of local communities in water and sanitation management,,,,Kwara,community artisans,Percentage (%),NGKW23,15.9
2021,Proportion of local administrative units with established and operational policies and procedures for participation of local communities in water and sanitation management,,,,Lagos,community artisans,Percentage (%),NGLA24,16.7
2021,Proportion of local administrative units with established and operational policies and procedures for participation of local communities in water and sanitation management,,,,Nasarawa,community artisans,Percentage (%),NGNA25,29.3
2021,Proportion of local administrative units with established and operational policies and procedures for participation of local communities in water and sanitation management,,,,Niger,community artisans,Percentage (%),NGNI26,7.2
2021,Proportion of local administrative units with established and operational policies and procedures for participation of local communities in water and sanitation management,,,,Ogun,community artisans,Percentage (%),NGOG27,30.9
2021,Proportion of local administrative units with established and operational policies and procedures for participation of local communities in water and sanitation management,,,,Ondo,community artisans,Percentage (%),NGON28,29.0
2021,Proportion of local administrative units with established and operational policies and procedures for participation of local communities in water and sanitation management,,,,Osun,community artisans,Percentage (%),NGOS29,12.3
2021,Proportion of local administrative units with established and operational policies and procedures for participation of local communities in water and sanitation management,,,,Oyo,community artisans,Percentage (%),NGOY30,20.6
2021,Proportion of local administrative units with established and operational policies and procedures for participation of local communities in water and sanitation management,,,,Plateau,community artisans,Percentage (%),NGPL31,22.3
2021,Proportion of local administrative units with established and operational policies and procedures for participation of local communities in water and sanitation management,,,,Rivers,community artisans,Percentage (%),NGRI32,1.5
2021,Proportion of local administrative units with established and operational policies and procedures for participation of local communities in water and sanitation management,,,,Sokoto,community artisans,Percentage (%),NGSO33,60.3
2021,Proportion of local administrative units with established and operational policies and procedures for participation of local communities in water and sanitation management,,,,Taraba,community artisans,Percentage (%),NGTA34,34.4
2021,Proportion of local administrative units with established and operational policies and procedures for participation of local communities in water and sanitation management,,,,Yobe,community artisans,Percentage (%),NGYO35,37.1
2021,Proportion of local administrative units with established and operational policies and procedures for participation of local communities in water and sanitation management,,,,Zamfara,community artisans,Percentage (%),NGZA36,31.5
2021,Proportion of local administrative units with established and operational policies and procedures for participation of local communities in water and sanitation management,,,,Federal Capital Territory,community artisans,Percentage (%),NGFC37,15.3
2021,Proportion of local administrative units with established and operational policies and procedures for participation of local communities in water and sanitation management,,,,,local area mechanic,Percentage (%),NG,7.4
2021,Proportion of local administrative units with established and operational policies and procedures for participation of local communities in water and sanitation management,,,North Central,,local area mechanic,Percentage (%),NGNCZ06,14.2
2021,Proportion of local administrative units with established and operational policies and procedures for participation of local communities in water and sanitation management,,,North East,,local area mechanic,Percentage (%),NGNEZ05,9.2
2021,Proportion of local administrative units with established and operational policies and procedures for participation of local communities in water and sanitation management,,,North West,,local area mechanic,Percentage (%),NGNWZ04,4.9
2021,Proportion of local administrative units with established and operational policies and procedures for participation of local communities in water and sanitation management,,,South East,,local area mechanic,Percentage (%),NGSEZ03,4.6
2021,Proportion of local administrative units with established and operational policies and procedures for participation of local communities in water and sanitation management,,,South South,,local area mechanic,Percentage (%),NGSSZ02,2.7
2021,Proportion of local administrative units with established and operational policies and procedures for participation of local communities in water and sanitation management,,,South West,,local area mechanic,Percentage (%),NGSWZ01,4.5
2020,Proportion of local administrative units with established and operational policies and procedures for participation of local communities in water and sanitation management,Urban,,,,local area mechanic,Percentage (%),NG,3.5
2021,Proportion of local administrative units with established and operational policies and procedures for participation of local communities in water and sanitation management,Peri-Urban,,,,local area mechanic,Percentage (%),NG,9.2
2021,Proportion of local administrative units with established and operational policies and procedures for participation of local communities in water and sanitation management,Urban-Urban,,,,local area mechanic,Percentage (%),NG,2.5
2021,Proportion of local administrative units with established and operational policies and procedures for participation of local communities in water and sanitation management,Rural,,,,local area mechanic,Percentage (%),NG,8.6
2021,Proportion of local administrative units with established and operational policies and procedures for participation of local communities in water and sanitation management,Itenerant,,,,local area mechanic,Percentage (%),NG,2.1
2021,Proportion of local administrative units with established and operational policies and procedures for participation of local communities in water and sanitation management,Rural-Rural,,,,local area mechanic,Percentage (%),NG,9.1
2021,Proportion of local administrative units with established and operational policies and procedures for participation of local communities in water and sanitation management,Small Town,,,,local area mechanic,Percentage (%),NG,7.9
2021,Proportion of local administrative units with established and operational policies and procedures for participation of local communities in water and sanitation management,,Poorest,,,local area mechanic,Percentage (%),NG,7.4
2021,Proportion of local administrative units with established and operational policies and procedures for participation of local communities in water and sanitation management,,Second,,,local area mechanic,Percentage (%),NG,10.4
2021,Proportion of local administrative units with established and operational policies and procedures for participation of local communities in water and sanitation management,,Middle,,,local area mechanic,Percentage (%),NG,7.4
2021,Proportion of local administrative units with established and operational policies and procedures for participation of local communities in water and sanitation management,,Fourth,,,local area mechanic,Percentage (%),NG,3.1
2021,Proportion of local administrative units with established and operational policies and procedures for participation of local communities in water and sanitation management,,Richest,,,local area mechanic,Percentage (%),NG,6.7
2021,Proportion of local administrative units with established and operational policies and procedures for participation of local communities in water and sanitation management,,,,Abia,local area mechanic,Percentage (%),NGAB01,12.4
2021,Proportion of local administrative units with established and operational policies and procedures for participation of local communities in water and sanitation management,,,,Adamawa,local area mechanic,Percentage (%),NGAD02,2.2
2021,Proportion of local administrative units with established and operational policies and procedures for participation of local communities in water and sanitation management,,,,Akwa Ibom,local area mechanic,Percentage (%),NGAK03,22.3
2021,Proportion of local administrative units with established and operational policies and procedures for participation of local communities in water and sanitation management,,,,Anambra,local area mechanic,Percentage (%),NGAN04,4.7
2021,Proportion of local administrative units with established and operational policies and procedures for participation of local communities in water and sanitation management,,,,Bauchi,local area mechanic,Percentage (%),NGBA05,6.4
2021,Proportion of local administrative units with established and operational policies and procedures for participation of local communities in water and sanitation management,,,,Bayelsa,local area mechanic,Percentage (%),NGBY06,0.0
2021,Proportion of local administrative units with established and operational policies and procedures for participation of local communities in water and sanitation management,,,,Benue,local area mechanic,Percentage (%),NGBE07,32.8
2021,Proportion of local administrative units with established and operational policies and procedures for participation of local communities in water and sanitation management,,,,Borno,local area mechanic,Percentage (%),NGBO08,17.8
2021,Proportion of local administrative units with established and operational policies and procedures for participation of local communities in water and sanitation management,,,,Cross River,local area mechanic,Percentage (%),NGXR09,2.6
2021,Proportion of local administrative units with established and operational policies and procedures for participation of local communities in water and sanitation management,,,,Delta,local area mechanic,Percentage (%),NGDE10,8.9
2021,Proportion of local administrative units with established and operational policies and procedures for participation of local communities in water and sanitation management,,,,Ebonyi,local area mechanic,Percentage (%),NGEB11,0.0
2021,Proportion of local administrative units with established and operational policies and procedures for participation of local communities in water and sanitation management,,,,Edo,local area mechanic,Percentage (%),NGED12,0.0
2021,Proportion of local administrative units with established and operational policies and procedures for participation of local communities in water and sanitation management,,,,Ekiti,local area mechanic,Percentage (%),NGEK13,0.0
2021,Proportion of local administrative units with established and operational policies and procedures for participation of local communities in water and sanitation management,,,,Enugu,local area mechanic,Percentage (%),NGEN14,0.0
2021,Proportion of local administrative units with established and operational policies and procedures for participation of local communities in water and sanitation management,,,,Gombe,local area mechanic,Percentage (%),NGGO15,6.9
2021,Proportion of local administrative units with established and operational policies and procedures for participation of local communities in water and sanitation management,,,,Imo,local area mechanic,Percentage (%),NGIM16,35.1
2021,Proportion of local administrative units with established and operational policies and procedures for participation of local communities in water and sanitation management,,,,Jigawa,local area mechanic,Percentage (%),NGJI17,0.0
2021,Proportion of local administrative units with established and operational policies and procedures for participation of local communities in water and sanitation management,,,,Kaduna,local area mechanic,Percentage (%),NGKD18,0.0
2021,Proportion of local administrative units with established and operational policies and procedures for participation of local communities in water and sanitation management,,,,Kano,local area mechanic,Percentage (%),NGKN19,9.1
2021,Proportion of local administrative units with established and operational policies and procedures for participation of local communities in water and sanitation management,,,,Katsina,local area mechanic,Percentage (%),NGKT20,2.1
2021,Proportion of local administrative units with established and operational policies and procedures for participation of local communities in water and sanitation management,,,,Kebbi,local area mechanic,Percentage (%),NGKE21,11.9
2021,Proportion of local administrative units with established and operational policies and procedures for participation of local communities in water and sanitation management,,,,Kogi,local area mechanic,Percentage (%),NGKO22,18.0
2021,Proportion of local administrative units with established and operational policies and procedures for participation of local communities in water and sanitation management,,,,Kwara,local area mechanic,Percentage (%),NGKW23,10.6
2021,Proportion of local administrative units with established and operational policies and procedures for participation of local communities in water and sanitation management,,,,Lagos,local area mechanic,Percentage (%),NGLA24,0.9
2021,Proportion of local administrative units with established and operational policies and procedures for participation of local communities in water and sanitation management,,,,Nasarawa,local area mechanic,Percentage (%),NGNA25,0.0
2021,Proportion of local administrative units with established and operational policies and procedures for participation of local communities in water and sanitation management,,,,Niger,local area mechanic,Percentage (%),NGNI26,25.8
2021,Proportion of local administrative units with established and operational policies and procedures for participation of local communities in water and sanitation management,,,,Ogun,local area mechanic,Percentage (%),NGOG27,41.7
2021,Proportion of local administrative units with established and operational policies and procedures for participation of local communities in water and sanitation management,,,,Ondo,local area mechanic,Percentage (%),NGON28,0.0
2021,Proportion of local administrative units with established and operational policies and procedures for participation of local communities in water and sanitation management,,,,Osun,local area mechanic,Percentage (%),NGOS29,5.6
2021,Proportion of local administrative units with established and operational policies and procedures for participation of local communities in water and sanitation management,,,,Oyo,local area mechanic,Percentage (%),NGOY30,0.0
2021,Proportion of local administrative units with established and operational policies and procedures for participation of local communities in water and sanitation management,,,,Plateau,local area mechanic,Percentage (%),NGPL31,0.0
2021,Proportion of local administrative units with established and operational policies and procedures for participation of local communities in water and sanitation management,,,,Rivers,local area mechanic,Percentage (%),NGRI32,0.0
2021,Proportion of local administrative units with established and operational policies and procedures for participation of local communities in water and sanitation management,,,,Sokoto,local area mechanic,Percentage (%),NGSO33,0.0
2021,Proportion of local administrative units with established and operational policies and procedures for participation of local communities in water and sanitation management,,,,Taraba,local area mechanic,Percentage (%),NGTA34,2.6
2021,Proportion of local administrative units with established and operational policies and procedures for participation of local communities in water and sanitation management,,,,Yobe,local area mechanic,Percentage (%),NGYO35,2.7
2021,Proportion of local administrative units with established and operational policies and procedures for participation of local communities in water and sanitation management,,,,Zamfara,local area mechanic,Percentage (%),NGZA36,14.1
2021,Proportion of local administrative units with established and operational policies and procedures for participation of local communities in water and sanitation management,,,,Federal Capital Territory,local area mechanic,Percentage (%),NGFC37,15.1
2021,Proportion of local administrative units with established and operational policies and procedures for participation of local communities in water and sanitation management,,,,,service contractor,Percentage (%),NG,3.3
2021,Proportion of local administrative units with established and operational policies and procedures for participation of local communities in water and sanitation management,,,North Central,,service contractor,Percentage (%),NGNCZ06,4.3
2021,Proportion of local administrative units with established and operational policies and procedures for participation of local communities in water and sanitation management,,,North East,,service contractor,Percentage (%),NGNEZ05,5.1
2021,Proportion of local administrative units with established and operational policies and procedures for participation of local communities in water and sanitation management,,,North West,,service contractor,Percentage (%),NGNWZ04,0.4
2021,Proportion of local administrative units with established and operational policies and procedures for participation of local communities in water and sanitation management,,,South East,,service contractor,Percentage (%),NGSEZ03,0.5
2021,Proportion of local administrative units with established and operational policies and procedures for participation of local communities in water and sanitation management,,,South South,,service contractor,Percentage (%),NGSSZ02,0.0
2021,Proportion of local administrative units with established and operational policies and procedures for participation of local communities in water and sanitation management,,,South West,,service contractor,Percentage (%),NGSWZ01,9.7
2020,Proportion of local administrative units with established and operational policies and procedures for participation of local communities in water and sanitation management,Urban,,,,service contractor,Percentage (%),NG,3.4
2021,Proportion of local administrative units with established and operational policies and procedures for participation of local communities in water and sanitation management,Peri-Urban,,,,service contractor,Percentage (%),NG,4.4
2021,Proportion of local administrative units with established and operational policies and procedures for participation of local communities in water and sanitation management,Urban-Urban,,,,service contractor,Percentage (%),NG,3.3
2021,Proportion of local administrative units with established and operational policies and procedures for participation of local communities in water and sanitation management,Rural,,,,service contractor,Percentage (%),NG,3.2
2021,Proportion of local administrative units with established and operational policies and procedures for participation of local communities in water and sanitation management,Itenerant,,,,service contractor,Percentage (%),NG,0.0
2021,Proportion of local administrative units with established and operational policies and procedures for participation of local communities in water and sanitation management,Rural-Rural,,,,service contractor,Percentage (%),NG,3.7
2021,Proportion of local administrative units with established and operational policies and procedures for participation of local communities in water and sanitation management,Small Town,,,,service contractor,Percentage (%),NG,1.7
2021,Proportion of local administrative units with established and operational policies and procedures for participation of local communities in water and sanitation management,,Poorest,,,service contractor,Percentage (%),NG,2.9
2021,Proportion of local administrative units with established and operational policies and procedures for participation of local communities in water and sanitation management,,Second,,,service contractor,Percentage (%),NG,3.0
2021,Proportion of local administrative units with established and operational policies and procedures for participation of local communities in water and sanitation management,,Middle,,,service contractor,Percentage (%),NG,2.6
2021,Proportion of local administrative units with established and operational policies and procedures for participation of local communities in water and sanitation management,,Fourth,,,service contractor,Percentage (%),NG,5.7
2021,Proportion of local administrative units with established and operational policies and procedures for participation of local communities in water and sanitation management,,Richest,,,service contractor,Percentage (%),NG,2.8
2021,Proportion of local administrative units with established and operational policies and procedures for participation of local communities in water and sanitation management,,,,Abia,service contractor,Percentage (%),NGAB01,0.0
2021,Proportion of local administrative units with established and operational policies and procedures for participation of local communities in water and sanitation management,,,,Adamawa,service contractor,Percentage (%),NGAD02,0.0
2021,Proportion of local administrative units with established and operational policies and procedures for participation of local communities in water and sanitation management,,,,Akwa Ibom,service contractor,Percentage (%),NGAK03,0.0
2021,Proportion of local administrative units with established and operational policies and procedures for participation of local communities in water and sanitation management,,,,Anambra,service contractor,Percentage (%),NGAN04,0.0
2021,Proportion of local administrative units with established and operational policies and procedures for participation of local communities in water and sanitation management,,,,Bauchi,service contractor,Percentage (%),NGBA05,5.9
2021,Proportion of local administrative units with established and operational policies and procedures for participation of local communities in water and sanitation management,,,,Bayelsa,service contractor,Percentage (%),NGBY06,0.0
2021,Proportion of local administrative units with established and operational policies and procedures for participation of local communities in water and sanitation management,,,,Benue,service contractor,Percentage (%),NGBE07,0.0
2021,Proportion of local administrative units with established and operational policies and procedures for participation of local communities in water and sanitation management,,,,Borno,service contractor,Percentage (%),NGBO08,8.0
2021,Proportion of local administrative units with established and operational policies and procedures for participation of local communities in water and sanitation management,,,,Cross River,service contractor,Percentage (%),NGXR09,0.0
2021,Proportion of local administrative units with established and operational policies and procedures for participation of local communities in water and sanitation management,,,,Delta,service contractor,Percentage (%),NGDE10,0.0
2021,Proportion of local administrative units with established and operational policies and procedures for participation of local communities in water and sanitation management,,,,Ebonyi,service contractor,Percentage (%),NGEB11,1.7
2021,Proportion of local administrative units with established and operational policies and procedures for participation of local communities in water and sanitation management,,,,Edo,service contractor,Percentage (%),NGED12,0.0
2021,Proportion of local administrative units with established and operational policies and procedures for participation of local communities in water and sanitation management,,,,Ekiti,service contractor,Percentage (%),NGEK13,6.8
2021,Proportion of local administrative units with established and operational policies and procedures for participation of local communities in water and sanitation management,,,,Enugu,service contractor,Percentage (%),NGEN14,0.0
2021,Proportion of local administrative units with established and operational policies and procedures for participation of local communities in water and sanitation management,,,,Gombe,service contractor,Percentage (%),NGGO15,8.3
2021,Proportion of local administrative units with established and operational policies and procedures for participation of local communities in water and sanitation management,,,,Imo,service contractor,Percentage (%),NGIM16,0.0
2021,Proportion of local administrative units with established and operational policies and procedures for participation of local communities in water and sanitation management,,,,Jigawa,service contractor,Percentage (%),NGJI17,0.7
2021,Proportion of local administrative units with established and operational policies and procedures for participation of local communities in water and sanitation management,,,,Kaduna,service contractor,Percentage (%),NGKD18,0.0
2021,Proportion of local administrative units with established and operational policies and procedures for participation of local communities in water and sanitation management,,,,Kano,service contractor,Percentage (%),NGKN19,0.0
2021,Proportion of local administrative units with established and operational policies and procedures for participation of local communities in water and sanitation management,,,,Katsina,service contractor,Percentage (%),NGKT20,0.5
2021,Proportion of local administrative units with established and operational policies and procedures for participation of local communities in water and sanitation management,,,,Kebbi,service contractor,Percentage (%),NGKE21,8.7
2021,Proportion of local administrative units with established and operational policies and procedures for participation of local communities in water and sanitation management,,,,Kogi,service contractor,Percentage (%),NGKO22,10.1
2021,Proportion of local administrative units with established and operational policies and procedures for participation of local communities in water and sanitation management,,,,Kwara,service contractor,Percentage (%),NGKW23,5.0
2021,Proportion of local administrative units with established and operational policies and procedures for participation of local communities in water and sanitation management,,,,Lagos,service contractor,Percentage (%),NGLA24,9.8
2021,Proportion of local administrative units with established and operational policies and procedures for participation of local communities in water and sanitation management,,,,Nasarawa,service contractor,Percentage (%),NGNA25,0.0
2021,Proportion of local administrative units with established and operational policies and procedures for participation of local communities in water and sanitation management,,,,Niger,service contractor,Percentage (%),NGNI26,6.8
2021,Proportion of local administrative units with established and operational policies and procedures for participation of local communities in water and sanitation management,,,,Ogun,service contractor,Percentage (%),NGOG27,0.0
2021,Proportion of local administrative units with established and operational policies and procedures for participation of local communities in water and sanitation management,,,,Ondo,service contractor,Percentage (%),NGON28,0.0
2021,Proportion of local administrative units with established and operational policies and procedures for participation of local communities in water and sanitation management,,,,Osun,service contractor,Percentage (%),NGOS29,0.0
2021,Proportion of local administrative units with established and operational policies and procedures for participation of local communities in water and sanitation management,,,,Oyo,service contractor,Percentage (%),NGOY30,27.2
2021,Proportion of local administrative units with established and operational policies and procedures for participation of local communities in water and sanitation management,,,,Plateau,service contractor,Percentage (%),NGPL31,1.3
2021,Proportion of local administrative units with established and operational policies and procedures for participation of local communities in water and sanitation management,,,,Rivers,service contractor,Percentage (%),NGRI32,0.0
2021,Proportion of local administrative units with established and operational policies and procedures for participation of local communities in water and sanitation management,,,,Sokoto,service contractor,Percentage (%),NGSO33,0.0
2021,Proportion of local administrative units with established and operational policies and procedures for participation of local communities in water and sanitation management,,,,Taraba,service contractor,Percentage (%),NGTA34,0.0
2021,Proportion of local administrative units with established and operational policies and procedures for participation of local communities in water and sanitation management,,,,Yobe,service contractor,Percentage (%),NGYO35,0.3
2021,Proportion of local administrative units with established and operational policies and procedures for participation of local communities in water and sanitation management,,,,Zamfara,service contractor,Percentage (%),NGZA36,0.0
2021,Proportion of local administrative units with established and operational policies and procedures for participation of local communities in water and sanitation management,,,,Federal Capital Territory,service contractor,Percentage (%),NGFC37,0.0
2021,Proportion of local administrative units with established and operational policies and procedures for participation of local communities in water and sanitation management,,,,,LGA staff,Percentage (%),NG,2.2
2021,Proportion of local administrative units with established and operational policies and procedures for participation of local communities in water and sanitation management,,,North Central,,LGA staff,Percentage (%),NGNCZ06,1.6
2021,Proportion of local administrative units with established and operational policies and procedures for participation of local communities in water and sanitation management,,,North East,,LGA staff,Percentage (%),NGNEZ05,3.0
2021,Proportion of local administrative units with established and operational policies and procedures for participation of local communities in water and sanitation management,,,North West,,LGA staff,Percentage (%),NGNWZ04,1.9
2021,Proportion of local administrative units with established and operational policies and procedures for participation of local communities in water and sanitation management,,,South East,,LGA staff,Percentage (%),NGSEZ03,0.0
2021,Proportion of local administrative units with established and operational policies and procedures for participation of local communities in water and sanitation management,,,South South,,LGA staff,Percentage (%),NGSSZ02,4.9
2021,Proportion of local administrative units with established and operational policies and procedures for participation of local communities in water and sanitation management,,,South West,,LGA staff,Percentage (%),NGSWZ01,0.0
2020,Proportion of local administrative units with established and operational policies and procedures for participation of local communities in water and sanitation management,Urban,,,,LGA staff,Percentage (%),NG,1.8
2021,Proportion of local administrative units with established and operational policies and procedures for participation of local communities in water and sanitation management,Peri-Urban,,,,LGA staff,Percentage (%),NG,0.0
2021,Proportion of local administrative units with established and operational policies and procedures for participation of local communities in water and sanitation management,Urban-Urban,,,,LGA staff,Percentage (%),NG,2.1
2021,Proportion of local administrative units with established and operational policies and procedures for participation of local communities in water and sanitation management,Rural,,,,LGA staff,Percentage (%),NG,2.3
2021,Proportion of local administrative units with established and operational policies and procedures for participation of local communities in water and sanitation management,Itenerant,,,,LGA staff,Percentage (%),NG,3.1
2021,Proportion of local administrative units with established and operational policies and procedures for participation of local communities in water and sanitation management,Rural-Rural,,,,LGA staff,Percentage (%),NG,1.8
2021,Proportion of local administrative units with established and operational policies and procedures for participation of local communities in water and sanitation management,Small Town,,,,LGA staff,Percentage (%),NG,4.3
2021,Proportion of local administrative units with established and operational policies and procedures for participation of local communities in water and sanitation management,,Poorest,,,LGA staff,Percentage (%),NG,1.2
2021,Proportion of local administrative units with established and operational policies and procedures for participation of local communities in water and sanitation management,,Second,,,LGA staff,Percentage (%),NG,3.3
2021,Proportion of local administrative units with established and operational policies and procedures for participation of local communities in water and sanitation management,,Middle,,,LGA staff,Percentage (%),NG,2.3
2021,Proportion of local administrative units with established and operational policies and procedures for participation of local communities in water and sanitation management,,Fourth,,,LGA staff,Percentage (%),NG,2.3
2021,Proportion of local administrative units with established and operational policies and procedures for participation of local communities in water and sanitation management,,Richest,,,LGA staff,Percentage (%),NG,2.1
2021,Proportion of local administrative units with established and operational policies and procedures for participation of local communities in water and sanitation management,,,,Abia,LGA staff,Percentage (%),NGAB01,0.0
2021,Proportion of local administrative units with established and operational policies and procedures for participation of local communities in water and sanitation management,,,,Adamawa,LGA staff,Percentage (%),NGAD02,7.3
2021,Proportion of local administrative units with established and operational policies and procedures for participation of local communities in water and sanitation management,,,,Akwa Ibom,LGA staff,Percentage (%),NGAK03,0.0
2021,Proportion of local administrative units with established and operational policies and procedures for participation of local communities in water and sanitation management,,,,Anambra,LGA staff,Percentage (%),NGAN04,0.0
2021,Proportion of local administrative units with established and operational policies and procedures for participation of local communities in water and sanitation management,,,,Bauchi,LGA staff,Percentage (%),NGBA05,0.0
2021,Proportion of local administrative units with established and operational policies and procedures for participation of local communities in water and sanitation management,,,,Bayelsa,LGA staff,Percentage (%),NGBY06,0.0
2021,Proportion of local administrative units with established and operational policies and procedures for participation of local communities in water and sanitation management,,,,Benue,LGA staff,Percentage (%),NGBE07,0.0
2021,Proportion of local administrative units with established and operational policies and procedures for participation of local communities in water and sanitation management,,,,Borno,LGA staff,Percentage (%),NGBO08,5.5
2021,Proportion of local administrative units with established and operational policies and procedures for participation of local communities in water and sanitation management,,,,Cross River,LGA staff,Percentage (%),NGXR09,0.0
2021,Proportion of local administrative units with established and operational policies and procedures for participation of local communities in water and sanitation management,,,,Delta,LGA staff,Percentage (%),NGDE10,0.0
2021,Proportion of local administrative units with established and operational policies and procedures for participation of local communities in water and sanitation management,,,,Ebonyi,LGA staff,Percentage (%),NGEB11,0.0
2021,Proportion of local administrative units with established and operational policies and procedures for participation of local communities in water and sanitation management,,,,Edo,LGA staff,Percentage (%),NGED12,26.8
2021,Proportion of local administrative units with established and operational policies and procedures for participation of local communities in water and sanitation management,,,,Ekiti,LGA staff,Percentage (%),NGEK13,0.0
2021,Proportion of local administrative units with established and operational policies and procedures for participation of local communities in water and sanitation management,,,,Enugu,LGA staff,Percentage (%),NGEN14,0.0
2021,Proportion of local administrative units with established and operational policies and procedures for participation of local communities in water and sanitation management,,,,Gombe,LGA staff,Percentage (%),NGGO15,1.1
2021,Proportion of local administrative units with established and operational policies and procedures for participation of local communities in water and sanitation management,,,,Imo,LGA staff,Percentage (%),NGIM16,0.0
2021,Proportion of local administrative units with established and operational policies and procedures for participation of local communities in water and sanitation management,,,,Jigawa,LGA staff,Percentage (%),NGJI17,1.1
2021,Proportion of local administrative units with established and operational policies and procedures for participation of local communities in water and sanitation management,,,,Kaduna,LGA staff,Percentage (%),NGKD18,3.4
2021,Proportion of local administrative units with established and operational policies and procedures for participation of local communities in water and sanitation management,,,,Kano,LGA staff,Percentage (%),NGKN19,4.6
2021,Proportion of local administrative units with established and operational policies and procedures for participation of local communities in water and sanitation management,,,,Katsina,LGA staff,Percentage (%),NGKT20,0.0
2021,Proportion of local administrative units with established and operational policies and procedures for participation of local communities in water and sanitation management,,,,Kebbi,LGA staff,Percentage (%),NGKE21,3.9
2021,Proportion of local administrative units with established and operational policies and procedures for participation of local communities in water and sanitation management,,,,Kogi,LGA staff,Percentage (%),NGKO22,0.0
2021,Proportion of local administrative units with established and operational policies and procedures for participation of local communities in water and sanitation management,,,,Kwara,LGA staff,Percentage (%),NGKW23,1.6
2021,Proportion of local administrative units with established and operational policies and procedures for participation of local communities in water and sanitation management,,,,Lagos,LGA staff,Percentage (%),NGLA24,0.0
2021,Proportion of local administrative units with established and operational policies and procedures for participation of local communities in water and sanitation management,,,,Nasarawa,LGA staff,Percentage (%),NGNA25,0.0
2021,Proportion of local administrative units with established and operational policies and procedures for participation of local communities in water and sanitation management,,,,Niger,LGA staff,Percentage (%),NGNI26,0.0
2021,Proportion of local administrative units with established and operational policies and procedures for participation of local communities in water and sanitation management,,,,Ogun,LGA staff,Percentage (%),NGOG27,0.0
2021,Proportion of local administrative units with established and operational policies and procedures for participation of local communities in water and sanitation management,,,,Ondo,LGA staff,Percentage (%),NGON28,0.0
2021,Proportion of local administrative units with established and operational policies and procedures for participation of local communities in water and sanitation management,,,,Osun,LGA staff,Percentage (%),NGOS29,0.0
2021,Proportion of local administrative units with established and operational policies and procedures for participation of local communities in water and sanitation management,,,,Oyo,LGA staff,Percentage (%),NGOY30,0.0
2021,Proportion of local administrative units with established and operational policies and procedures for participation of local communities in water and sanitation management,,,,Plateau,LGA staff,Percentage (%),NGPL31,2.7
2021,Proportion of local administrative units with established and operational policies and procedures for participation of local communities in water and sanitation management,,,,Rivers,LGA staff,Percentage (%),NGRI32,0.0
2021,Proportion of local administrative units with established and operational policies and procedures for participation of local communities in water and sanitation management,,,,Sokoto,LGA staff,Percentage (%),NGSO33,0.0
2021,Proportion of local administrative units with established and operational policies and procedures for participation of local communities in water and sanitation management,,,,Taraba,LGA staff,Percentage (%),NGTA34,0.0
2021,Proportion of local administrative units with established and operational policies and procedures for participation of local communities in water and sanitation management,,,,Yobe,LGA staff,Percentage (%),NGYO35,2.2
2021,Proportion of local administrative units with established and operational policies and procedures for participation of local communities in water and sanitation management,,,,Zamfara,LGA staff,Percentage (%),NGZA36,0.0
2021,Proportion of local administrative units with established and operational policies and procedures for participation of local communities in water and sanitation management,,,,Federal Capital Territory,LGA staff,Percentage (%),NGFC37,6.5
2021,Proportion of local administrative units with established and operational policies and procedures for participation of local communities in water and sanitation management,,,,,State govt staff,Percentage (%),NG,0.4
2021,Proportion of local administrative units with established and operational policies and procedures for participation of local communities in water and sanitation management,,,North Central,,State govt staff,Percentage (%),NGNCZ06,1.2
2021,Proportion of local administrative units with established and operational policies and procedures for participation of local communities in water and sanitation management,,,North East,,State govt staff,Percentage (%),NGNEZ05,0.4
2021,Proportion of local administrative units with established and operational policies and procedures for participation of local communities in water and sanitation management,,,North West,,State govt staff,Percentage (%),NGNWZ04,0.0
2021,Proportion of local administrative units with established and operational policies and procedures for participation of local communities in water and sanitation management,,,South East,,State govt staff,Percentage (%),NGSEZ03,0.0
2021,Proportion of local administrative units with established and operational policies and procedures for participation of local communities in water and sanitation management,,,South South,,State govt staff,Percentage (%),NGSSZ02,0.0
2021,Proportion of local administrative units with established and operational policies and procedures for participation of local communities in water and sanitation management,,,South West,,State govt staff,Percentage (%),NGSWZ01,0.8
2020,Proportion of local administrative units with established and operational policies and procedures for participation of local communities in water and sanitation management,Urban,,,,State govt staff,Percentage (%),NG,0.9
2021,Proportion of local administrative units with established and operational policies and procedures for participation of local communities in water and sanitation management,Peri-Urban,,,,State govt staff,Percentage (%),NG,0.7
2021,Proportion of local administrative units with established and operational policies and procedures for participation of local communities in water and sanitation management,Urban-Urban,,,,State govt staff,Percentage (%),NG,1.0
2021,Proportion of local administrative units with established and operational policies and procedures for participation of local communities in water and sanitation management,Rural,,,,State govt staff,Percentage (%),NG,0.2
2021,Proportion of local administrative units with established and operational policies and procedures for participation of local communities in water and sanitation management,Itenerant,,,,State govt staff,Percentage (%),NG,0.0
2021,Proportion of local administrative units with established and operational policies and procedures for participation of local communities in water and sanitation management,Rural-Rural,,,,State govt staff,Percentage (%),NG,0.2
2021,Proportion of local administrative units with established and operational policies and procedures for participation of local communities in water and sanitation management,Small Town,,,,State govt staff,Percentage (%),NG,0.0
2021,Proportion of local administrative units with established and operational policies and procedures for participation of local communities in water and sanitation management,,Poorest,,,State govt staff,Percentage (%),NG,0.0
2021,Proportion of local administrative units with established and operational policies and procedures for participation of local communities in water and sanitation management,,Second,,,State govt staff,Percentage (%),NG,0.3
2021,Proportion of local administrative units with established and operational policies and procedures for participation of local communities in water and sanitation management,,Middle,,,State govt staff,Percentage (%),NG,0.4
2021,Proportion of local administrative units with established and operational policies and procedures for participation of local communities in water and sanitation management,,Fourth,,,State govt staff,Percentage (%),NG,0.6
2021,Proportion of local administrative units with established and operational policies and procedures for participation of local communities in water and sanitation management,,Richest,,,State govt staff,Percentage (%),NG,0.8
2021,Proportion of local administrative units with established and operational policies and procedures for participation of local communities in water and sanitation management,,,,Abia,State govt staff,Percentage (%),NGAB01,0.0
2021,Proportion of local administrative units with established and operational policies and procedures for participation of local communities in water and sanitation management,,,,Adamawa,State govt staff,Percentage (%),NGAD02,0.0
2021,Proportion of local administrative units with established and operational policies and procedures for participation of local communities in water and sanitation management,,,,Akwa Ibom,State govt staff,Percentage (%),NGAK03,0.0
2021,Proportion of local administrative units with established and operational policies and procedures for participation of local communities in water and sanitation management,,,,Anambra,State govt staff,Percentage (%),NGAN04,0.0
2021,Proportion of local administrative units with established and operational policies and procedures for participation of local communities in water and sanitation management,,,,Bauchi,State govt staff,Percentage (%),NGBA05,0.0
2021,Proportion of local administrative units with established and operational policies and procedures for participation of local communities in water and sanitation management,,,,Bayelsa,State govt staff,Percentage (%),NGBY06,0.0
2021,Proportion of local administrative units with established and operational policies and procedures for participation of local communities in water and sanitation management,,,,Benue,State govt staff,Percentage (%),NGBE07,0.0
2021,Proportion of local administrative units with established and operational policies and procedures for participation of local communities in water and sanitation management,,,,Borno,State govt staff,Percentage (%),NGBO08,0.5
2021,Proportion of local administrative units with established and operational policies and procedures for participation of local communities in water and sanitation management,,,,Cross River,State govt staff,Percentage (%),NGXR09,0.0
2021,Proportion of local administrative units with established and operational policies and procedures for participation of local communities in water and sanitation management,,,,Delta,State govt staff,Percentage (%),NGDE10,0.0
2021,Proportion of local administrative units with established and operational policies and procedures for participation of local communities in water and sanitation management,,,,Ebonyi,State govt staff,Percentage (%),NGEB11,0.0
2021,Proportion of local administrative units with established and operational policies and procedures for participation of local communities in water and sanitation management,,,,Edo,State govt staff,Percentage (%),NGED12,0.0
2021,Proportion of local administrative units with established and operational policies and procedures for participation of local communities in water and sanitation management,,,,Ekiti,State govt staff,Percentage (%),NGEK13,1.8
2021,Proportion of local administrative units with established and operational policies and procedures for participation of local communities in water and sanitation management,,,,Enugu,State govt staff,Percentage (%),NGEN14,0.0
2021,Proportion of local administrative units with established and operational policies and procedures for participation of local communities in water and sanitation management,,,,Gombe,State govt staff,Percentage (%),NGGO15,0.5
2021,Proportion of local administrative units with established and operational policies and procedures for participation of local communities in water and sanitation management,,,,Imo,State govt staff,Percentage (%),NGIM16,0.0
2021,Proportion of local administrative units with established and operational policies and procedures for participation of local communities in water and sanitation management,,,,Jigawa,State govt staff,Percentage (%),NGJI17,0.0
2021,Proportion of local administrative units with established and operational policies and procedures for participation of local communities in water and sanitation management,,,,Kaduna,State govt staff,Percentage (%),NGKD18,0.0
2021,Proportion of local administrative units with established and operational policies and procedures for participation of local communities in water and sanitation management,,,,Kano,State govt staff,Percentage (%),NGKN19,0.0
2021,Proportion of local administrative units with established and operational policies and procedures for participation of local communities in water and sanitation management,,,,Katsina,State govt staff,Percentage (%),NGKT20,0.0
2021,Proportion of local administrative units with established and operational policies and procedures for participation of local communities in water and sanitation management,,,,Kebbi,State govt staff,Percentage (%),NGKE21,0.0
2021,Proportion of local administrative units with established and operational policies and procedures for participation of local communities in water and sanitation management,,,,Kogi,State govt staff,Percentage (%),NGKO22,1.4
2021,Proportion of local administrative units with established and operational policies and procedures for participation of local communities in water and sanitation management,,,,Kwara,State govt staff,Percentage (%),NGKW23,0.0
2021,Proportion of local administrative units with established and operational policies and procedures for participation of local communities in water and sanitation management,,,,Lagos,State govt staff,Percentage (%),NGLA24,0.0
2021,Proportion of local administrative units with established and operational policies and procedures for participation of local communities in water and sanitation management,,,,Nasarawa,State govt staff,Percentage (%),NGNA25,0.9
2021,Proportion of local administrative units with established and operational policies and procedures for participation of local communities in water and sanitation management,,,,Niger,State govt staff,Percentage (%),NGNI26,2.5
2021,Proportion of local administrative units with established and operational policies and procedures for participation of local communities in water and sanitation management,,,,Ogun,State govt staff,Percentage (%),NGOG27,0.0
2021,Proportion of local administrative units with established and operational policies and procedures for participation of local communities in water and sanitation management,,,,Ondo,State govt staff,Percentage (%),NGON28,0.0
2021,Proportion of local administrative units with established and operational policies and procedures for participation of local communities in water and sanitation management,,,,Osun,State govt staff,Percentage (%),NGOS29,4.7
2021,Proportion of local administrative units with established and operational policies and procedures for participation of local communities in water and sanitation management,,,,Oyo,State govt staff,Percentage (%),NGOY30,0.0
2021,Proportion of local administrative units with established and operational policies and procedures for participation of local communities in water and sanitation management,,,,Plateau,State govt staff,Percentage (%),NGPL31,2.7
2021,Proportion of local administrative units with established and operational policies and procedures for participation of local communities in water and sanitation management,,,,Rivers,State govt staff,Percentage (%),NGRI32,0.0
2021,Proportion of local administrative units with established and operational policies and procedures for participation of local communities in water and sanitation management,,,,Sokoto,State govt staff,Percentage (%),NGSO33,0.0
2021,Proportion of local administrative units with established and operational policies and procedures for participation of local communities in water and sanitation management,,,,Taraba,State govt staff,Percentage (%),NGTA34,0.5
2021,Proportion of local administrative units with established and operational policies and procedures for participation of local communities in water and sanitation management,,,,Yobe,State govt staff,Percentage (%),NGYO35,1.3
2021,Proportion of local administrative units with established and operational policies and procedures for participation of local communities in water and sanitation management,,,,Zamfara,State govt staff,Percentage (%),NGZA36,0.0
2021,Proportion of local administrative units with established and operational policies and procedures for participation of local communities in water and sanitation management,,,,Federal Capital Territory,State govt staff,Percentage (%),NGFC37,0.0
